{"repoSenseVersion":"3878389c8e","reportGeneratedTime":"Mon Jul 10 09:17:05 2023 UTC+08:00","reportGenerationTime":" 4.78 second(s)","zoneId":"UTC+08:00","reportTitle":"TIC4002 tP Code Dashboard","repos":[{"location":{"location":"https://github.com/AY2223S2-TIC4002-F18-1/tp2.git","repoName":"tp2","organization":"AY2223S2-TIC4002-F18-1","domainName":"github"},"branch":"master","displayName":"AY2223S2-TIC4002-F18-1/tp2[master]","outputFolderName":"AY2223S2-TIC4002-F18-1_tp2_master"}],"errorSet":[],"sinceDate":"2023-02-10","untilDate":"2023-07-10","isSinceDateProvided":true,"isUntilDateProvided":false,"supportedDomainUrlMap":{"NOT_RECOGNIZED":{"BRANCH":"","REPO_URL":"UNSUPPORTED","BASE_URL":"UNSUPPORTED","HISTORY_PATH":"","COMMIT_PATH":"","BLAME_PATH":""},"github":{"BRANCH":"tree/$BRANCH","REPO_URL":"https://github.com/$ORGANIZATION/$REPO_NAME/","BASE_URL":"https://github.com/","HISTORY_PATH":"commits/$BRANCH/$FILE_PATH","COMMIT_PATH":"commit/$COMMIT_HASH","BLAME_PATH":"blame/$BRANCH/$FILE_PATH"}}}
