{"repoSenseVersion":"4eb08a933c","reportGeneratedTime":"Fri Mar 3 10:59:58 2023 UTC+08:00","reportGenerationTime":" 0.35 second(s)","zoneId":"UTC+08:00","reportTitle":"TIC4002 tP Code Dashboard","repos":[],"errorSet":[{"repoName":"AY2223S2-TIC4002-F16-1/tp2[master]","errorMessage":"Failed to clone from https://github.com/AY2223S2-TIC4002-F16-1/tp2.git"}],"sinceDate":"2023-02-10","untilDate":"2023-03-03","isSinceDateProvided":true,"isUntilDateProvided":false,"supportedDomainUrlMap":{"NOT_RECOGNIZED":{"BRANCH":"","REPO_URL":"UNSUPPORTED","BASE_URL":"UNSUPPORTED","HISTORY_PATH":"","COMMIT_PATH":"","BLAME_PATH":""},"github":{"BRANCH":"tree/$BRANCH","REPO_URL":"https://github.com/$ORGANIZATION/$REPO_NAME/","BASE_URL":"https://github.com/","HISTORY_PATH":"commits/$BRANCH/$FILE_PATH","COMMIT_PATH":"commit/$COMMIT_HASH","BLAME_PATH":"blame/$BRANCH/$FILE_PATH"}}}
