{"authorDailyContributionsMap":{"hana-oxy":[{"date":"2023-04-04","commitResults":[{"hash":"19cd0ac33f80547ace73be824c5c6b256687b2c8","isMergeCommit":false,"messageTitle":"Library Update","messageBody":"","fileTypesAndContributionMap":{"functional-code":{"insertions":5195,"deletions":0}}},{"hash":"68a545f8164be5d0b51504abdf318e158fd1bcef","isMergeCommit":true,"messageTitle":"Merge remote-tracking branch \u0027origin/master\u0027","messageBody":"","fileTypesAndContributionMap":{}},{"hash":"c33902420931514051b393f41acaeb7777a3ec7c","isMergeCommit":true,"messageTitle":"Merge remote-tracking branch \u0027origin/master\u0027","messageBody":"","fileTypesAndContributionMap":{}},{"hash":"47afa9960bb39afeb786d60525d9d7c4790b833e","isMergeCommit":false,"messageTitle":"Merge remote-tracking branch \u0027origin/master\u0027","messageBody":"","fileTypesAndContributionMap":{"functional-code":{"insertions":0,"deletions":4976}}},{"hash":"0e65dd79335ed184468a893e926824f3c1d4dc9e","isMergeCommit":false,"messageTitle":"Merge remote-tracking branch \u0027origin/master\u0027","messageBody":"","fileTypesAndContributionMap":{"functional-code":{"insertions":58,"deletions":5034},"other":{"insertions":0,"deletions":0}}},{"hash":"c02ec22ad3dd4fba2807d0502553786501fc5cce","isMergeCommit":true,"messageTitle":"Merge remote-tracking branch \u0027origin/master\u0027","messageBody":"","fileTypesAndContributionMap":{}}]},{"date":"2023-04-05","commitResults":[{"hash":"6c1d1432e72db6fc18ab98211c1d7dc7ddeffbfd","isMergeCommit":false,"messageTitle":"Updates to all folders","messageBody":"","fileTypesAndContributionMap":{"functional-code":{"insertions":51,"deletions":48},"other":{"insertions":2,"deletions":2},"test-code":{"insertions":1,"deletions":2}}}]}],"badassengineer":[{"date":"2023-04-04","commitResults":[{"hash":"e60898a13c29bef29721a03d66b8007cc5e3fa1f","isMergeCommit":false,"messageTitle":"Dummy for tracking project progress only.","messageBody":"","fileTypesAndContributionMap":{"functional-code":{"insertions":1,"deletions":1}}},{"hash":"5c2ed46e28182fd53219e5d2a62dfd17a196b2c2","isMergeCommit":true,"messageTitle":"Merge pull request #1 from badassengineer/master","messageBody":"Dummy for tracking project progress only.","fileTypesAndContributionMap":{}},{"hash":"f29972caaba84b5e325f24e4687418a29d00b44c","isMergeCommit":true,"messageTitle":"Merge pull request #2 from hana-oxy/master","messageBody":"TP Update - Library App","fileTypesAndContributionMap":{}},{"hash":"d932eee2895bfd37ebf0948d3c3be59074ce51f9","isMergeCommit":true,"messageTitle":"Merge pull request #1 from AY2223S2-TIC4002-F18-1/master","messageBody":"Pulling library update.","fileTypesAndContributionMap":{}},{"hash":"db7e18337602d335e3b588cbf5b1652a541dff79","isMergeCommit":true,"messageTitle":"Merge pull request #3 from hana-oxy/master","messageBody":"PR - Edits to packages","fileTypesAndContributionMap":{}},{"hash":"c7285e2f8ecd78f115a26284301228dcb82b1f86","isMergeCommit":true,"messageTitle":"Merge pull request #2 from AY2223S2-TIC4002-F18-1/master","messageBody":"Edits to packages.","fileTypesAndContributionMap":{}}]},{"date":"2023-04-05","commitResults":[{"hash":"44369ddcb460923a59e259befeed5dbb974db68d","isMergeCommit":true,"messageTitle":"Merge pull request #4 from hana-oxy/master","messageBody":"Updates to all folders","fileTypesAndContributionMap":{}},{"hash":"39115c58bdd2f07193b318447e01b21dd032c039","isMergeCommit":true,"messageTitle":"Merge pull request #3 from AY2223S2-TIC4002-F18-1/master","messageBody":"Updates to all folders","fileTypesAndContributionMap":{}}]},{"date":"2023-04-18","commitResults":[{"hash":"84776dcdf0ec65223b70911135aeba171e9b233d","isMergeCommit":false,"messageTitle":"Updated library.json and loading of stored data, and refactored AddressBook into Librarian app.","messageBody":"","fileTypesAndContributionMap":{"functional-code":{"insertions":990,"deletions":1011},"other":{"insertions":737,"deletions":746},"docs":{"insertions":135,"deletions":133},"test-code":{"insertions":1402,"deletions":1404}}},{"hash":"1001452f77b70b1f9c136a6dda7da6818978babc","isMergeCommit":false,"messageTitle":"Login/logout implemented.","messageBody":"","fileTypesAndContributionMap":{"functional-code":{"insertions":118,"deletions":12},"test-code":{"insertions":8,"deletions":8}}}]},{"date":"2023-04-19","commitResults":[{"hash":"a2dac72a0fe10cc7c96f16c1739eddf4a59be8d1","isMergeCommit":false,"messageTitle":"Borrow command added.","messageBody":"","fileTypesAndContributionMap":{"functional-code":{"insertions":115,"deletions":7}}},{"hash":"01641a324182891741ba38774b404b93dd7b3e9a","isMergeCommit":false,"messageTitle":"Return command added.","messageBody":"","fileTypesAndContributionMap":{"functional-code":{"insertions":133,"deletions":6}}}]},{"date":"2023-04-22","commitResults":[{"hash":"257065d2104c05d36438c357594f69c8c46cdce9","isMergeCommit":false,"messageTitle":"Reserve and cancel commands added. Data structure modified to LinkHashSet.","messageBody":"","fileTypesAndContributionMap":{"functional-code":{"insertions":300,"deletions":27},"test-code":{"insertions":3,"deletions":2}}}]},{"date":"2023-04-24","commitResults":[{"hash":"a75feeac289afbc35b0b13993e3aaff8a8bc2422","isMergeCommit":false,"messageTitle":"Update and rename johndoe.md to badassengineer.md","messageBody":"","fileTypesAndContributionMap":{"docs":{"insertions":37,"deletions":46}}},{"hash":"26bf00bf4b2391e0dc50566ed8e47aa6d40af79e","isMergeCommit":false,"messageTitle":"Update badassengineer.md","messageBody":"","fileTypesAndContributionMap":{"docs":{"insertions":1,"deletions":1}}},{"hash":"7049b2543dddd1c2aa381a8b348ce41bf5fe41ae","isMergeCommit":true,"messageTitle":"Merge pull request #8 from Opkko/patch-1","messageBody":"Update UserGuide.md","fileTypesAndContributionMap":{}},{"hash":"c8f3d5d20884c45221fc53a288173f20d832d6ff","isMergeCommit":true,"messageTitle":"Merge pull request #9 from badassengineer/master","messageBody":"PPP added.","fileTypesAndContributionMap":{}},{"hash":"28d92e628ab576b8d9abf9f3e8cd04f1227bd2e5","isMergeCommit":false,"messageTitle":"Update AboutUs.md","messageBody":"","fileTypesAndContributionMap":{"docs":{"insertions":2,"deletions":2}}},{"hash":"52f45211dbabdabe15bd53629107ce256cd14b30","isMergeCommit":false,"messageTitle":"Update AboutUs.md","messageBody":"","fileTypesAndContributionMap":{"docs":{"insertions":0,"deletions":10}}},{"hash":"b89817339aeb8f632f89e00c5942cc0a3a467fe3","isMergeCommit":false,"messageTitle":"Update AboutUs.md","messageBody":"","fileTypesAndContributionMap":{"docs":{"insertions":1,"deletions":1}}},{"hash":"1e9e747fd361ae52c8d53e9f8cf1df7080612e0c","isMergeCommit":false,"messageTitle":"Update badassengineer.md","messageBody":"","fileTypesAndContributionMap":{"docs":{"insertions":5,"deletions":5}}}]},{"date":"2023-04-25","commitResults":[{"hash":"3ec61182445145c511ee0bc73893c1e954d43460","isMergeCommit":false,"messageTitle":"Delete Benjamin.md","messageBody":"","fileTypesAndContributionMap":{"docs":{"insertions":0,"deletions":0}}}]}],"roshankumar1991":[{"date":"2023-04-22","commitResults":[{"hash":"da6c94570d3968bc7040507875fbaf74e101b6a8","isMergeCommit":true,"messageTitle":"Merge pull request #5 from badassengineer/master","messageBody":"Updated library.json and loading of stored data, and refactored AddressBook into Librarian app.","fileTypesAndContributionMap":{}}]},{"date":"2023-04-23","commitResults":[{"hash":"e7b3e39b9d51bcedb70cfe6605c45f5b22d8aaaf","isMergeCommit":false,"messageTitle":"Add Book feature Clean up of commands","messageBody":"","fileTypesAndContributionMap":{"functional-code":{"insertions":16,"deletions":17}}},{"hash":"3d949f2fae982d8cc4a9c625eb3ce77eb634885b","isMergeCommit":true,"messageTitle":"Merge pull request #7 from roshankumar1991/master","messageBody":"Add Book feature","fileTypesAndContributionMap":{}}]},{"date":"2023-04-24","commitResults":[{"hash":"abe4d69bb5ee38f6169f5c7eabf80df2236a0dbe","isMergeCommit":false,"messageTitle":"Update johndoe.md","messageBody":"","fileTypesAndContributionMap":{"docs":{"insertions":7,"deletions":21}}}]}],"Opkko":[{"date":"2023-04-24","commitResults":[{"hash":"0395e4b652d394fc53b0cb5ff74f4d712c3c6567","isMergeCommit":false,"messageTitle":"Update UserGuide.md","messageBody":"Updated UserGuide","fileTypesAndContributionMap":{"docs":{"insertions":52,"deletions":7}}},{"hash":"16bb547d6de20b61d7c8e4a5e61b5d3643c3e5bf","isMergeCommit":false,"messageTitle":"Updated User Guide","messageBody":"","fileTypesAndContributionMap":{"docs":{"insertions":52,"deletions":7}}},{"hash":"0a0be9dbe0aacf3e4f75edfaccdcf6b7e52ec608","isMergeCommit":false,"messageTitle":"updated jar file release","messageBody":"","fileTypesAndContributionMap":{"functional-code":{"insertions":3,"deletions":2},"other":{"insertions":13,"deletions":4},"test-code":{"insertions":154,"deletions":165}}},{"hash":"a6fdd335540018d1fbc04e8d607bb50a7edfd4fa","isMergeCommit":false,"messageTitle":"updated newline at EOF","messageBody":"","tags":["v1.0"],"fileTypesAndContributionMap":{"functional-code":{"insertions":1,"deletions":1}}},{"hash":"aee5f5c3803670909e3ecb07975fd1d030796e40","isMergeCommit":false,"messageTitle":"Updated userguide","messageBody":"","fileTypesAndContributionMap":{"docs":{"insertions":21,"deletions":0}}},{"hash":"050cc01cd19cefb12c698c8c78c87c9e459aa86d","isMergeCommit":true,"messageTitle":"Merge branch \u0027master\u0027 of https://github.com/AY2223S2-TIC4002-F18-1/tp2","messageBody":"","fileTypesAndContributionMap":{}},{"hash":"3fc14013bc78e6b9c806710bab19a298fe3f1acf","isMergeCommit":false,"messageTitle":"Updated about us","messageBody":"","fileTypesAndContributionMap":{"docs":{"insertions":49,"deletions":18}}},{"hash":"60b4f2d321672f15cd2db2ffee03a3c3727b20ea","isMergeCommit":false,"messageTitle":"updated about us","messageBody":"","fileTypesAndContributionMap":{"docs":{"insertions":3,"deletions":3}}},{"hash":"0fec06a3654ebe85848b91c4b860ad2816c4ef20","isMergeCommit":false,"messageTitle":"updated document names","messageBody":"","fileTypesAndContributionMap":{"docs":{"insertions":2,"deletions":2}}}]}]},"authorFileTypeContributionMap":{"hana-oxy":{"docs":0,"functional-code":1514,"test-code":2},"badassengineer":{"docs":174,"functional-code":1666,"test-code":1827,"other":146},"roshankumar1991":{"docs":7,"functional-code":16,"test-code":0},"Opkko":{"docs":116,"functional-code":3,"test-code":154,"other":13}},"authorContributionVariance":{"hana-oxy":3064282.0,"badassengineer":592029.0,"roshankumar1991":24.311823,"Opkko":4110.862},"authorDisplayNameMap":{"hana-oxy":"TIC4002-F18-1 OEI ..NNAH","badassengineer":"TIC4002-F18-1 RABA..RROT","roshankumar1991":"TIC4002-F18-1 ROSH..UMAR","Opkko":"TIC4002-F18-1 LIM ..KANG"}}
